{"_wandb":{"runtime":15468},"train/loss":30.07194709777832,"epoch":50,"_runtime":15461.135837698,"_step":50,"train/mae":2.60537076664382,"valid/loss":661.9004516601562,"_timestamp":1.7470381579540348e+09,"valid/mae":4.931741126040195}