{"epoch":51,"_runtime":22498.495565046,"train/mae":1.6807216318516895,"valid/loss":806.3282470703125,"valid/mae":5.073166781283439,"_timestamp":1.7470457443289702e+09,"_step":51,"_wandb":{"runtime":22500},"train/loss":6.566205978393555}